{"cameraMode":{"drawMode":0,"name":"Shaded","section":"Shading Mode"},"sceneLighting":false,"audioPlay":false,"sceneViewState":{"showFog":true,"showMaterialUpdate":true,"showSkybox":false,"showFlares":true,"showImageEffects":true,"showParticleSystems":true},"in2DMode":false,"pivot":{"x":-0.0001170039176940918,"y":-0.5191699862480164,"z":-0.00017198920249938965},"rotation":{"x":-0.052809614688158038,"y":0.305632084608078,"z":-0.01697961613535881,"w":-0.9505445957183838},"size":2.956235647201538,"orthographic":false}