{"cameraMode":{"drawMode":0,"name":"Shaded","section":"Shading Mode"},"sceneLighting":true,"audioPlay":false,"sceneViewState":{"showFog":true,"showMaterialUpdate":true,"showSkybox":true,"showFlares":true,"showImageEffects":true,"showParticleSystems":true},"in2DMode":false,"pivot":{"x":-1.9642658233642579,"y":8.704368591308594,"z":-9.675975799560547},"rotation":{"x":0.054379869252443317,"y":0.9156181812286377,"z":-0.3757215440273285,"w":0.13244539499282838},"size":110.14741516113281,"orthographic":false}