{"cameraMode":{"drawMode":0,"name":"Shaded","section":"Shading Mode"},"sceneLighting":false,"audioPlay":false,"sceneViewState":{"showFog":true,"showMaterialUpdate":true,"showSkybox":false,"showFlares":true,"showImageEffects":true,"showParticleSystems":true},"in2DMode":false,"pivot":{"x":-0.0001170039176940918,"y":9.480830192565918,"z":-0.00017201900482177734},"rotation":{"x":0.17337916791439057,"y":0.24531668424606324,"z":-0.044633734971284869,"w":0.9527826309204102},"size":2.956235885620117,"orthographic":false}