{"cameraMode":{"drawMode":0,"name":"Shaded","section":"Shading Mode"},"sceneLighting":false,"audioPlay":false,"sceneViewState":{"showFog":true,"showMaterialUpdate":true,"showSkybox":false,"showFlares":true,"showImageEffects":true,"showParticleSystems":true},"in2DMode":false,"pivot":{"x":-0.009745955467224121,"y":0.006980687379837036,"z":-0.004263520240783691},"rotation":{"x":0.3275485038757324,"y":-0.2615964710712433,"z":0.09489771723747254,"w":0.9029253721237183},"size":9.94736385345459,"orthographic":false}